{
  "model_name": "Bed_of_nails",
  "model_description": "A very hard test print, Don't print if you have OCD",
  "model_keywords": "bed of nails",
  "model_creation_date": "06/15/2015",
  "model_file_name": "Bed_of_nails",
  "printer_type": "iBox Nano",
  "printer_software_version": "1.11.1.11",
  "printer_hardware_version": "1.2",
  "author_name": "iBox",
  "author_contact": "www.iboxprinters.com",
  "license_type": "Attribution NonCommercial ShareAlike 3.0",
  "license_description": "license description",
  "license_date": "06/10/2015",
  "print_area_width": "40",
  "print_area_depth": "20",
  "print_area_height": "90",
  "layer_height": "100",
  "layer_count": "0",
  "exposure_time_base": "33",
  "base_layer_count": "3",
  "exposure_time": "23",
  "exposure_power": "5.5",
  "resin_brand": "MakerJuice",
  "resin_type": "G+",
  "resin_color": "Green",
  "print_counter": "0",
  "star_count_public": 5,
  "star_count_private": "5"
}