{
  "model_name": "Banjo Dinosaur Head",
  "model_description": "Banjo Dinosaur Head 40mm Tall",
  "model_creation_date": "12/11/2013",
  "model_file_name": "Dino40mm",
  "printer_type": "iBox Nano",
  "printer_software_version": "1.0.1.0",
  "printer_hardware_version": "1.2",
  "author_name": "Frameworld",
  "author_contact": "http://www.thingiverse.com/framedworld",
  "license_type": "Attribution NonCommercial NoDerivs 3.0 Unported",
  "license_description": "http://creativecommons.org/licenses/by-nc-nd/3.0/",
  "license_date": "Wed Apr 15 2015 12:27:19 GMT-0400 (EDT)",
  "print_area_width": "40",
  "print_area_depth": "20",
  "print_area_height": "90",
  "layer_height": "100",
  "layer_count": "-1",
  "exposure_time_base": "15",
  "base_layer_count": "3",
  "exposure_time": "15",
  "exposure_power": "5.5",
  "print_counter": "0",
  "star_count_public": "5",
  "star_count_private": "5"
}