{
  "model_name": "TrentsKeychainF",
  "model_description": "model description",
  "model_keywords": "Keychain, gearbox",
  "model_creation_date": "06/01/2015",
  "model_file_name": "TrentsKeychainF",
  "printer_type": "iBox Nano",
  "printer_software_version": "1.9.1.9",
  "printer_hardware_version": "1.2",
  "author_name": "iBox Team",
  "author_contact": "iBox Printers",
  "license_type": "Attribution NonCommercial ShareAlike 3.0",
  "license_description": "license description",
  "license_date": "06/01/2015",
  "print_area_width": "40",
  "print_area_depth": "20",
  "print_area_height": "90",
  "layer_height": "100",
  "layer_count": "90",
  "exposure_time_base": "38",
  "base_layer_count": "2",
  "exposure_time": "30",
  "exposure_power": "5.5",
  "resin_brand": "MakerJuice",
  "resin_type": "G+",
  "resin_color": "Green",
  "print_counter": "0",
  "star_count_public": 5,
  "star_count_private": "5"
}