{
  "model_name": "OwlReDo_21mm",
  "model_description": "model description",
  "model_creation_date": "05/10/2015",
  "model_file_name": "OwlReDo_21mm",
  "printer_type": "iBox Nano",
  "printer_software_version": "1.1.1.1",
  "printer_hardware_version": "1.2",
  "author_name": "cushwa",
  "author_contact": "http://www.thingiverse.com/cushwa",
  "license_type": "Attribution NonCommercial ShareAlike 3.0",
  "license_description": "license description",
  "license_date": "05/07/2015",
  "print_area_width": "40",
  "print_area_depth": "20",
  "print_area_height": "90",
  "layer_height": "100",
  "layer_count": "207",
  "exposure_time_base": "30",
  "base_layer_count": "1",
  "exposure_time": "15",
  "exposure_power": "5.5",
  "resin_brand": "MakerJuice",
  "resin_type": "G+",
  "resin_color": "Green",
  "print_counter": "0",
  "star_count_public": 5,
  "star_count_private": "5"
}