{
  "model_name": "makerook_small",
  "model_description": "model description",
  "model_keywords": "",
  "model_creation_date": "08/28/2015",
  "model_file_name": "makerook_small",
  "printer_type": "iBox Nano",
  "printer_software_version": "1.16.1.16",
  "printer_hardware_version": "1.2",
  "author_name": "author name",
  "author_contact": "author contact",
  "license_type": "Attribution NonCommercial ShareAlike 3.0",
  "license_description": "license description",
  "license_date": "08/27/2015",
  "print_area_width": "40",
  "print_area_depth": "20",
  "print_area_height": "90",
  "layer_height": "50",
  "layer_count": "479",
  "exposure_time_base": "50",
  "base_layer_count": "4",
  "exposure_time": "40",
  "exposure_power": "5.5",
  "resin_brand": "MakerJuice",
  "resin_type": "G+",
  "resin_color": "Green",
  "print_counter": "0",
  "star_count_public": 5,
  "star_count_private": "5"
}