{
  "model_name": "scaled_ds2_marker",
  "model_description": "Alien Marker from Dead Space 2",
  "model_keywords": "marker,alien, Dead Space",
  "model_creation_date": "06/05/2015",
  "model_file_name": "scaled_ds2_marker",
  "printer_type": "iBox Nano",
  "printer_software_version": "1.9.1.9",
  "printer_hardware_version": "1.2",
  "author_name": "ekaszubski",
  "author_contact": "http://www.thingiverse.com/ekaszubski",
  "license_type": "Attribution NonCommercial ShareAlike 3.0",
  "license_description": "license description",
  "license_date": "06/04/2015",
  "print_area_width": "40",
  "print_area_depth": "20",
  "print_area_height": "90",
  "layer_height": "100",
  "layer_count": "488",
  "exposure_time_base": "30",
  "base_layer_count": "3",
  "exposure_time": "28",
  "exposure_power": "5.5",
  "resin_brand": "MakerJuice",
  "resin_type": "G+",
  "resin_color": "Green",
  "print_counter": "0",
  "star_count_public": 5,
  "star_count_private": "5"
}